,baseline,volume,difference_pp
SOL,-2.7368347625493503,-3.347065485389887,-0.6102307228405368
WLD,-5.196761955325103,-5.537277764237579,-0.34051580891247557
BNB,-1.6467624864782988,-1.7652308090970852,-0.11846832261878637
ZEC,-2.208975358775233,-2.2337409627494917,-0.024765603974258532
XRP,-0.2137983322813802,-0.2304899049471469,-0.016691572665766707
BTC,0.3814849896491167,0.3649591973609501,-0.016525792288166585
DOGE,0.0,0.0,0.0
SUI,0.0,0.0,0.0
NEAR,-3.7984904291910224,-3.7270838033334837,0.07140662585753876
ETH,-0.4740957331655775,-0.1768246567085364,0.2972710764570411
UNI,-1.0576331215571257,-0.6783235864936008,0.37930953506352494
