candidate,period,cost_multiplier,return,sharpe,sortino,max_drawdown,turnover,cost_dollars,trades,end_equity
baseline,development,1.0,0.57801510444349,1.7261655254536041,2.888673597857521,0.19759956338692497,111.52336325174483,16175.363365695652,1058,157801.510444349
relative_strength,development,1.0,0.4750754416907217,1.487712060006807,2.421352032556706,0.21895543967778597,112.71731762955991,15615.771512335326,1020,147507.54416907218
mean_reversion,development,1.0,0.3698776270090862,1.2600283487463286,2.1149603184109558,0.19290420964919797,121.82627478905984,16588.533547593084,1004,136987.7627009086
volume,development,1.0,0.5428316044746222,1.6383692250781705,2.6884565288738544,0.17318207080809123,112.98167341124679,16584.304834972725,993,154283.16044746223
session,development,1.0,0.5892637527256297,1.7144315137842987,2.859801102477235,0.17083847090259274,115.72068126661284,17202.841446279315,1014,158926.37527256296
combined,development,1.0,0.5178823097594603,1.5911209280236362,2.642900791608727,0.19744295486827956,111.5202852211494,15938.214447276552,1003,151788.23097594603
baseline,validation,1.0,0.21781914170481476,0.8678811641219497,1.514486216815738,0.24736671149270717,112.09026007685074,13575.229559096068,1044,121781.91417048147
relative_strength,validation,1.0,0.24139879160294853,0.9373552351799983,1.6151444762353773,0.22878991294664852,109.16384313720562,13571.220010369512,952,124139.87916029485
mean_reversion,validation,1.0,0.043338376383265986,0.2936393472486598,0.4740248316717379,0.24744490463564006,114.31942029862813,13222.115599950102,930,104333.8376383266
volume,validation,1.0,0.28796345505097687,1.0739754195924387,1.8615777940245952,0.22630454179049986,109.51524401866142,14085.313387828319,923,128796.34550509769
session,validation,1.0,0.19169093464284503,0.7998177899112963,1.3430868121937583,0.23903380186363254,111.04120488900031,13750.892431343284,944,119169.0934642845
combined,validation,1.0,0.10382060873716759,0.5042668623119225,0.8430373159654148,0.27563639575028265,111.52009468168782,13147.400179491155,970,110382.06087371675
baseline,validation,2.0,0.06315798707698939,0.3615420477064347,0.6087232966428472,0.2876648273266095,110.64832410531525,25033.721871054455,1043,106315.79870769894
relative_strength,validation,2.0,0.08566879009024086,0.44137480150992414,0.7321434595607841,0.26716868012829875,107.41439659117374,25046.87419286246,951,108566.8790090241
mean_reversion,validation,2.0,-0.08063819941854089,-0.22276139747896576,-0.34676380187365285,0.29389903014858365,112.52081224768101,24457.22102256552,929,91936.18005814591
volume,validation,2.0,0.14225722659608708,0.6296509229216832,1.0657644657716698,0.26506949134051294,107.97039681384985,26132.646351917967,921,114225.7226596087
session,validation,2.0,0.04633932792964246,0.3025486488936678,0.491310098979868,0.2838149501843138,109.81665862081393,25469.653099857424,945,104633.93279296425
combined,validation,2.0,-0.03478970526089009,-0.006556004731244201,-0.010623215824806485,0.31579957350955945,109.84346120450525,24298.023503104887,968,96521.029473911
baseline,holdout,1.0,0.10554693403440218,0.7057367785918027,1.230559559842874,0.16957622041853548,75.34826476702933,8899.331200780354,663,110554.69340344021
volume,holdout,1.0,0.1315251958942092,0.8349629602451529,1.4389231870382055,0.1733107777559585,76.9109811786476,9272.103379586073,600,113152.51958942092
baseline,holdout,2.0,0.0014255377853336082,0.13463996733172698,0.22574459923620446,0.2093710443458059,73.56365228441265,16642.215097499677,660,100142.55377853336
volume,holdout,2.0,0.0232121382150714,0.2607011660393526,0.43121526543805044,0.19382545284348707,74.75483230426046,17195.69819681772,598,102321.21382150715
